"","business_id","is_open","addressCopied","lastTipClosed","dLT","review_count","avgDB","ratio","c1","c2","c3","dF","slope","sampleSize","intercept","slopeConf"
"90","JJAwT9R6Fp2yyWHtWFA8uQ",1,FALSE,FALSE,42,615,0.939837398373984,0,FALSE,FALSE,FALSE,577,0.0490146109408699,25,4.88081889228678,0.0490146109408699
"115","ujHiaprwCQ5ewziu0Vi9rw",1,TRUE,FALSE,40,3481,1.17035334673944,0,FALSE,FALSE,FALSE,4073,196.116265414102,25,3.49794480328832,196.116265414102
"123","mDR12Hafvr84ctpsV6YLag",1,FALSE,FALSE,42,1248,0.563301282051282,0,FALSE,FALSE,FALSE,702,13.5024967634547,25,4.82078786757907,13.5024967634547
"146","G6BwYw_0_atLPTzI1uokIA",1,TRUE,FALSE,63,413,1.91525423728814,0,FALSE,FALSE,FALSE,790,-11.0998902305157,25,3.58990120746432,-11.0998902305157
"170","hihud--QRriCYZw1zZvW4g",1,TRUE,FALSE,41,4120,0.34126213592233,0,FALSE,FALSE,FALSE,1405,-90.196549773755,25,4.05373303167421,-90.196549773755
"229","ahSFUPojs9X3-1jP-QPb-w",1,TRUE,FALSE,52,497,1.77867203219316,0,FALSE,FALSE,FALSE,883,-16.3044029969117,25,3.39179114922045,-16.3044029969117
"254","3kdSl5mo9dWC4clrQjEDGg",1,FALSE,FALSE,46,2303,1.82414242292662,0,FALSE,FALSE,FALSE,4200,31.7657325705512,25,4.73082517211287,31.7657325705512
"272","eAc9Vd6loOgRQolMXQt6FA",1,TRUE,FALSE,52,2305,1.84425162689805,0,FALSE,FALSE,TRUE,4250,51.5064803905194,25,2.79851876788422,51.5064803905194
"310","2weQS-RnoOBhb1KsHKyoSQ",1,TRUE,FALSE,65,3676,1.07127312295974,0,FALSE,FALSE,FALSE,3937,108.287395321959,25,4.0221628645683,108.287395321959
"368","NgDyxaeItFSInv7J5paGLQ",1,FALSE,FALSE,44,228,1.65350877192982,0,FALSE,FALSE,FALSE,376,-8.7612328258447,17,4.42489788340141,-5.9576383215744
"382","yfxDa8RFOvJPQh0rNtakHA",1,FALSE,FALSE,44,2247,1.63373386737873,0,FALSE,FALSE,FALSE,3670,72.5027976241753,25,3.35439442196779,72.5027976241753
"404","3BCsAgo_1i4xMuTyLKMLRQ",1,FALSE,FALSE,42,1311,1.00839054157132,0,FALSE,FALSE,FALSE,1321,-29.5049154880956,25,4.16186616074509,-29.5049154880956
"415","uAAWlLdsoUf872F1FKiX1A",1,FALSE,FALSE,138,533,1.83302063789869,0,TRUE,FALSE,FALSE,976,-14.1768053956244,25,3.34121730547787,-14.1768053956244
"430","ygaOvp0PLBYaYeN9cZAlGg",1,FALSE,FALSE,58,470,1.11063829787234,0,FALSE,FALSE,FALSE,521,36.5053277365191,25,4.9011947045528,36.5053277365191
"469","gx2yPrOJSwF1ApJYdGBWIw",1,TRUE,FALSE,40,811,1.12207151664612,0,FALSE,FALSE,FALSE,909,-54.1192990339236,25,3.00943608177938,-54.1192990339236
"480","2sx52lDoiEtef7xgPCaoBw",1,FALSE,FALSE,51,641,1.01872074882995,0,FALSE,FALSE,FALSE,652,-14.7622641509433,25,4.48,-14.7622641509433
"482","FsCujpVh9Za2Dl5MIYLCxA",1,TRUE,FALSE,41,295,1.47457627118644,0,FALSE,FALSE,FALSE,434,-1.62672536887193,25,4.63921941932413,-1.62672536887193
"488","iCQpiavjjPzJ5_3gPD5Ebg",1,TRUE,FALSE,42,3258,0.682627378759975,0,FALSE,FALSE,FALSE,2223,65.2486857476825,25,4.133761682243,65.2486857476825
"493","h7s4MRVvB726jWHCHiQ9kw",1,FALSE,FALSE,49,319,1.81191222570533,0,FALSE,FALSE,FALSE,577,-33.0712575693564,25,3.70201380087312,-33.0712575693564
"501","aiX_WP7NKPTdF9CfI-M-wg",1,TRUE,FALSE,44,646,1.20433436532508,0,FALSE,FALSE,FALSE,777,-15.8972672064777,25,4.17893290919607,-15.8972672064777
"509","faPVqws-x-5k2CQKDNtHxw",1,TRUE,FALSE,39,1318,0.571320182094082,0,FALSE,FALSE,FALSE,752,3.18464144551111,25,4.62422360248447,3.18464144551111
"558","cYwJA2A6I12KNkm2rtXd5g",1,TRUE,FALSE,41,5116,0.291243158717748,0,FALSE,FALSE,FALSE,1489,-5.0191011235923,25,4.14449438202247,-5.0191011235923
"580","OETh78qcgDltvHULowwhJg",1,TRUE,FALSE,65,2700,0.638518518518518,0,FALSE,FALSE,FALSE,1723,-3.84873123659556,25,3.98248749106505,-3.84873123659556
"660","9SU7ZZhaFUJJ6m2k5HKHeg",1,TRUE,FALSE,58,1547,0.58694246929541,0,FALSE,FALSE,FALSE,907,5.16117154811689,25,3.01184937238494,5.16117154811689
"672","El4FC8jcawUVgw_0EIcbaQ",1,TRUE,FALSE,49,3015,1.35621890547264,0,FALSE,FALSE,FALSE,4088,-188.451047918866,25,1.93220505756174,-188.451047918866
"687","CQk3WJtULz_xOkUM6o7wpQ",1,FALSE,FALSE,44,508,1.92322834645669,0,FALSE,FALSE,FALSE,976,0.438771414350765,25,3.92983639195287,0.438771414350765
"710","AhPmh0NaRDbEYyhd9egzLA",1,TRUE,FALSE,76,644,1.72204968944099,0,FALSE,FALSE,FALSE,1108,-1.0853072128227,25,3.73492430988424,-1.0853072128227
"744","f4x1YBxkLrZg652xt2KR5g",1,FALSE,FALSE,41,3881,0.656789487245555,0,FALSE,FALSE,FALSE,2548,-141.694881889844,25,3.49311023622048,-141.694881889844
"768","3GEEy7RP6e4bT4LAiWFMFQ",1,TRUE,FALSE,41,1462,0.816005471956224,0,FALSE,FALSE,FALSE,1192,30.388270400551,25,4.6226328474693,30.388270400551
"786","RESDUcs7fIiihp38-d6_6g",1,TRUE,FALSE,45,5715,0.278915135608049,0,FALSE,FALSE,FALSE,1593,-130.910894206533,25,3.69647355163728,-130.910894206533
"853","ZibmYdOPKLlqDM9oR6xzOA",1,FALSE,FALSE,77,960,1.815625,0,FALSE,FALSE,FALSE,1742,5.22838142030473,25,3.64653763529279,5.22838142030473
"868","mY_g1z7iyMHxzpV2mV6IXQ",1,TRUE,FALSE,40,872,0.711009174311927,0,FALSE,FALSE,FALSE,619,-101.324404761898,25,3.93154761904762,-101.324404761898
"873","UidEFF1WpnU4duev4fjPlQ",1,FALSE,FALSE,39,641,0.903276131045242,0,FALSE,FALSE,FALSE,578,-2.88423153692593,25,4.15668662674651,-2.88423153692593
"881","SeNOJ2zYHziptxLuiRINLg",1,TRUE,FALSE,55,457,1.42888402625821,0,FALSE,FALSE,FALSE,652,-1.86812250745337,25,3.66968676191582,-1.86812250745337
"886","KVqWA98XZwGhJ3YbFNi0vw",1,TRUE,FALSE,108,298,1.6510067114094,0,FALSE,FALSE,FALSE,491,17.125010569037,9,5.05026633973112,6.16500380485331
"898","JDZ6_yycNQFTpUZzLIKHUg",1,FALSE,FALSE,40,2316,0.40846286701209,0,FALSE,FALSE,FALSE,945,-28.367729831143,25,4.43714821763602,-28.367729831143
"914","Yl05MqCs9xRzrJFkGWLpgA",1,TRUE,FALSE,44,581,0.948364888123924,0,FALSE,FALSE,FALSE,550,-41.6396761133582,25,3.96518218623482,-41.6396761133582
"923","cyzOijFJ82cae6qH6L8vuw",1,FALSE,FALSE,47,456,1.32894736842105,0,FALSE,FALSE,FALSE,605,6.31211765691778,25,4.7726472806503,6.31211765691778
"924","FaHADZARwnY4yvlvpnsfGA",1,TRUE,FALSE,44,2865,1.43804537521815,0,FALSE,FALSE,FALSE,4119,-131.712209302321,25,3.24011627906978,-131.712209302321
"967","44kd3YdkhXj5XiSPs5XNjQ",1,TRUE,FALSE,47,449,1.26503340757238,0,FALSE,FALSE,FALSE,567,22.8161135320206,23,3.7862617695121,20.990824449459
"981","0EgYXYjt2XJL4hlsKnzrcw",1,FALSE,FALSE,72,441,1.5328798185941,0,FALSE,FALSE,FALSE,675,-14.7723971120182,25,3.9737495823467,-14.7723971120182
"996","svdEhLmNmpVaIv1WLtoOvQ",1,FALSE,FALSE,61,597,1.70519262981575,0,FALSE,FALSE,FALSE,1017,-21.5053195004276,25,3.96993325844182,-21.5053195004276
"1006","XZbuPXdyA0ZtTu3AzqtQhg",1,TRUE,FALSE,58,2771,1.53229880909419,0,FALSE,FALSE,FALSE,4245,115.966870758907,25,4.11951095858358,115.966870758907
"1014","Wxxvi3LZbHNIDwJ-ZimtnA",1,FALSE,FALSE,51,2779,1.54444044620367,0,FALSE,FALSE,FALSE,4291,-55.1358593167484,25,3.92058062535632,-55.1358593167484
"1019","4JNXUYY8wbaaDmk3BPzlWw",1,TRUE,FALSE,53,6414,0.642500779544746,0,FALSE,FALSE,FALSE,4120,232.906556530722,25,4.46386164171399,232.906556530722
"1020","na4Th5DrNauOv-c43QQFvA",1,TRUE,FALSE,46,2451,1.8266013871889,0,FALSE,FALSE,FALSE,4476,-43.4250127097179,25,2.45754956786984,-43.4250127097179
"1040","JyxHvtj-syke7m9rbza7mA",1,FALSE,TRUE,42,1502,1.41011984021305,0.709159584513692,FALSE,FALSE,FALSE,2118,-17.222081312942,25,3.58436404326744,-17.222081312942
"1080","g8OnV26ywJlZpezdBnOWUQ",1,FALSE,FALSE,58,2835,1.31252204585538,0.761891964525665,FALSE,FALSE,FALSE,3721,-62.557578055864,25,2.74433067880167,-62.557578055864
"1172","HmsCerK_rub0Ulo0aC0f9A",1,TRUE,FALSE,69,307,1.8599348534202,0.537653239929948,FALSE,FALSE,FALSE,571,-14.3155521486222,25,3.90783243901339,-14.3155521486222
"1233","3C5Z9homtzkWHouH2BHXYQ",1,FALSE,FALSE,46,766,1.51697127937337,0.6592082616179,FALSE,FALSE,FALSE,1162,-15.5308575529234,25,3.66819160387513,-15.5308575529234
"1320","-6tvduBzjLI1ISfs3F_qTg",1,TRUE,FALSE,101,808,1.64480198019802,0.607975921745673,FALSE,FALSE,FALSE,1329,5.93370212287888,25,3.8417949005953,5.93370212287888
"1369","2KWkeOk1KaH50Es_A-8cnA",1,FALSE,FALSE,136,400,1.395,0.716845878136201,FALSE,FALSE,FALSE,558,-5.16926089576219,25,4.1554529021892,-5.16926089576219
"1396","ECOkEVUodMLUxvI0PMI4gQ",1,FALSE,FALSE,150,2056,1.97811284046693,0.505532333415294,FALSE,FALSE,FALSE,4067,-129.481897960526,25,1.03649141290488,-129.481897960526
"1413","_3olhuCXhoqjy4M2rBp1YA",1,FALSE,FALSE,42,489,1.11451942740286,0.897247706422018,FALSE,FALSE,FALSE,545,-9.60298873647814,25,4.37481877997101,-9.60298873647814
"1449","B_WggEKFq-ZFNui8CHPYvA",1,TRUE,FALSE,42,553,0.701627486437613,1.42525773195876,FALSE,FALSE,FALSE,388,-1.06841380620027,25,4.44618525376252,-1.06841380620027
"1686","rcaPajgKOJC2vo_l3xa42A",1,FALSE,FALSE,42,3292,1.26488456865128,0.790585975024015,FALSE,FALSE,FALSE,4164,-35.7285491419174,25,3.76845553822154,-35.7285491419174
"1723","3l54GTr8-E3XPbIxnF_sAA",1,TRUE,FALSE,43,1390,1.22230215827338,0.818128310771042,FALSE,FALSE,FALSE,1699,-40.2806086341107,25,4.04911535739561,-40.2806086341107
"1746","AV6weBrZFFBfRGCbcRGO4g",1,TRUE,FALSE,87,3166,1.35344283006949,0.738856476079347,FALSE,FALSE,FALSE,4285,206.188494934874,25,2.82018813314038,206.188494934874
"1849","JLbgvGM4FXh9zNP4O5ZWjQ",1,FALSE,FALSE,43,1249,1.64851881505204,0.60660514813016,FALSE,FALSE,FALSE,2059,-15.6607315667575,25,4.05106723063708,-15.6607315667575
"1883","dKdApYVFDSNYsNOso6NYlA",1,TRUE,FALSE,51,778,0.931876606683805,1.07310344827586,FALSE,FALSE,FALSE,725,-32.0647314776186,25,2.64558621922871,-32.0647314776186
"1887","7sPNbCx7vGAaH7SbNPZ6oA",1,FALSE,FALSE,40,2735,0.898354661791591,1.11314611314611,FALSE,FALSE,FALSE,2457,180.508032570424,25,4.41923415492958,180.508032570424
"1900","HhVmDybpU7L50Kb5A0jXTg",1,FALSE,FALSE,112,2067,0.48766328011611,2.05059523809524,FALSE,FALSE,FALSE,1008,-80.8907537839022,25,3.28442979169789,-80.8907537839022
"1932","igHYkXZMLAc9UdV5VnR_AA",1,TRUE,FALSE,48,1403,0.883107626514611,1.13236481033091,FALSE,FALSE,FALSE,1239,27.3638160867598,25,4.94905106190692,27.3638160867598
"1947","1qwkbN3wu3AGDxMTXVz2gA",1,FALSE,FALSE,42,576,1.67534722222222,0.596891191709845,FALSE,FALSE,FALSE,965,-6.23902926570386,25,3.22965924352688,-6.23902926570386
"1956","UPIYuRaZvknINOd1w8kqRQ",1,FALSE,FALSE,50,1972,1.22058823529412,0.819277108433735,FALSE,FALSE,FALSE,2407,-87.2485453687682,25,3.97287309325366,-87.2485453687682
"1985","fL-b760btOaGa85OJ9ut3w",1,TRUE,FALSE,41,1996,0.829158316633267,1.20604229607251,FALSE,FALSE,FALSE,1655,129.066744730677,25,5.29658079625293,129.066744730677
"1992","eoHdUeQDNgQ6WYEnP2aiRw",0,TRUE,TRUE,55,3911,0.7271797494247,1.37517580872011,TRUE,FALSE,TRUE,2844,307.552855407048,25,4.75091130012154,307.552855407048
"2006","NvKNe9DnQavC9GstglcBJQ",1,TRUE,FALSE,55,2218,1.81605049594229,0.5506454816286,FALSE,FALSE,FALSE,4028,25.7435696361418,25,4.38672365119197,25.7435696361418
"2080","Wcuo6YmYj3xhCso5sMQcOw",1,FALSE,FALSE,43,318,1.89308176100629,0.528239202657807,FALSE,FALSE,FALSE,602,3.18196935503028,20,4.51649839648414,2.54557548402422
"2098","L2p0vO3fsS2LC6hhQo3CzA",1,TRUE,FALSE,44,1264,1.14398734177215,0.874135546334716,FALSE,FALSE,FALSE,1446,54.7834146341377,25,4.48917073170732,54.7834146341378
"2138","wuQDMDlqM17jQNo0lYQZ7g",1,TRUE,FALSE,40,698,1.99856733524355,0.500358422939068,FALSE,FALSE,FALSE,1395,22.5935756551138,25,4.73191546914624,22.5935756551138
"2197","uBdYMY6a6A7FyxzTSwOiDg",1,TRUE,FALSE,43,500,0.82,1.21951219512195,FALSE,FALSE,FALSE,410,9.69704767697565,25,5.00570813643382,9.69704767697565
"2242","t-o_Sraneime4DDhWrQRBA",1,TRUE,FALSE,50,2150,1.98744186046512,0.503159372805991,FALSE,FALSE,FALSE,4273,-67.6982964224778,25,3.8593867120954,-67.6982964224778
"2249","YJ8ljUhLsz6CtT_2ORNFmg",1,TRUE,FALSE,40,2111,0.707247749881573,1.41393168117883,FALSE,FALSE,FALSE,1493,-99.9693366708106,25,3.60575719649563,-99.9693366708106
"2322","5LNZ67Yw9RD6nf4_UhXOjw",1,TRUE,FALSE,48,3400,0.662352941176471,1.50976909413854,FALSE,FALSE,FALSE,2252,84.1350809818031,25,3.99302888629152,84.1350809818031
"2335","G-5kEa6E6PD5fkBRuA7k9Q",1,FALSE,FALSE,42,1961,0.491075981642019,2.03634475597092,FALSE,FALSE,FALSE,963,-74.3632849330579,25,2.89930228172732,-74.3632849330579
"2361","xudgMGJvmXIljlxZmeYODg",1,FALSE,FALSE,58,199,1.89447236180905,0.527851458885942,FALSE,FALSE,FALSE,377,17.5256506694749,11,4.16669174063487,7.71128629456896
"2391","nUpz0YiBsOK7ff9k3vUJ3A",1,FALSE,FALSE,62,893,1.34490481522956,0.743547044129892,FALSE,FALSE,FALSE,1201,18.1961842275647,25,4.67453705702076,18.1961842275647
"2406","ZOmf-3NN4Z59b2Fw6VAM7g",1,TRUE,FALSE,44,518,1.59073359073359,0.628640776699029,FALSE,FALSE,FALSE,824,5.67204415659912e-14,25,4.28,5.67204415659912e-14
"2423","sNVGdeOPeitJ3OWUQBINzQ",1,TRUE,FALSE,45,1002,1.81636726546906,0.550549450549451,FALSE,FALSE,FALSE,1820,1.78320555103464,25,4.26520002569923,1.78320555103464
"2487","ElWzx5_fU8S2G45OnM-HpA",1,TRUE,FALSE,91,400,1.1975,0.835073068893528,FALSE,FALSE,FALSE,479,22.6457322516787,25,4.59511702829639,22.6457322516787
"2505","kRgAf6j2y1eR0wOFdzFAuw",1,TRUE,FALSE,42,1130,1.17522123893805,0.850903614457831,FALSE,FALSE,FALSE,1328,1.54961287134219,25,4.41474932732964,1.54961287134219
"2535","JAmQCmczUclNUfZjkNdjQA",1,FALSE,FALSE,55,1144,0.899475524475524,1.11175898931001,FALSE,FALSE,TRUE,1029,-19.6141874773797,25,4.25009048136084,-19.6141874773797
"2541","PbyqDJf815zRn-7p6vYpAQ",1,TRUE,FALSE,58,774,1.13824289405685,0.878547105561861,FALSE,FALSE,FALSE,881,7.32871187295189,25,4.64955886059995,7.3287118729519
"2551","SMPbvZLSMMb7KU76YNYMGg",1,TRUE,FALSE,43,3385,0.765140324963072,1.30694980694981,FALSE,FALSE,FALSE,2590,143.781995002334,25,3.63949483352469,143.781995002334
"2560","NwZ39qdA06ROFIIMjAVPgw",1,TRUE,FALSE,57,1315,1.07528517110266,0.92998585572843,FALSE,FALSE,FALSE,1414,-5.24790292870983,25,4.51737573354698,-5.24790292870983
"2635","XwJ6fZRVbxQYRsryy4-qDw",1,FALSE,FALSE,60,369,1.28184281842818,0.780126849894292,FALSE,FALSE,FALSE,473,9.28440030659514,16,4.92195154463958,5.94201619622089
"2664","bpRo8L8dkhgbJhdIKa9mwA",1,TRUE,FALSE,43,1158,1.91450777202073,0.522327469553451,FALSE,FALSE,FALSE,2217,123.565147058821,25,5.04126470588235,123.565147058821
"2675","QJatAcxYgK1Zp9BRZMAx7g",1,TRUE,FALSE,42,2091,0.360114777618364,2.77689243027888,FALSE,FALSE,FALSE,753,27.4710512950738,25,4.24310140511258,27.4710512950738
"2683","4k3RlMAMd46DZ_JyZU0lMg",1,TRUE,FALSE,63,1008,1.79761904761905,0.556291390728477,FALSE,FALSE,FALSE,1812,37.0282705447259,25,4.47715163292171,37.0282705447259
"2696","TCoBE_BkDRrK0bWrh5VueQ",1,TRUE,FALSE,67,772,1.33549222797927,0.748787584869059,FALSE,FALSE,FALSE,1031,18.95586007437,25,4.40579809943534,18.95586007437
"2713","RrCgc8eAKbHu-2IpQXg6Rw",1,TRUE,FALSE,40,222,1.95045045045045,0.51270207852194,FALSE,FALSE,FALSE,433,0.995044883303413,18,4.93357271095153,0.716432315978458
"2751","K7lWdNUhCbcnEvI0NhGewg",1,TRUE,FALSE,50,5216,0.426572085889571,2.34426966292135,FALSE,FALSE,TRUE,2225,14.3231561522907,25,3.83888173625161,14.3231561522907
"2767","u73j2VQ3TGWdMO-AG7MABw",1,FALSE,FALSE,43,468,1.7542735042735,0.570036540803898,FALSE,FALSE,FALSE,821,-12.9636517540162,25,3.05703499460687,-12.9636517540162
"2782","uC3qwaxsOkdJzpOc0v1Mog",1,TRUE,FALSE,70,252,1.83730158730159,0.544276457883369,FALSE,FALSE,FALSE,463,11.1606524249423,9,3.99480369515012,4.01783487297922
"2790","XXW_OFaYQkkGOGniujZFHg",1,FALSE,FALSE,43,2260,1.85840707964602,0.538095238095238,FALSE,FALSE,FALSE,4200,5.86645039200696,25,4.6548616743264,5.86645039200696
"2807","Xg5qEQiB-7L6kGJ5F4K3bQ",1,FALSE,FALSE,47,1083,0.975992613111727,1.02459791863765,FALSE,FALSE,FALSE,1057,-57.6495507536929,25,4.06040692062078,-57.6495507536929
"2840","u_vPjx925UPEG9DFOAAvFQ",1,TRUE,FALSE,41,2498,1.68134507606085,0.594761904761905,FALSE,FALSE,FALSE,4200,112.850467289715,25,2.62570093457945,112.850467289715
"2859","u4sTiCzVeIHZY8OlaL346Q",1,TRUE,FALSE,67,985,1.47005076142132,0.68024861878453,FALSE,FALSE,FALSE,1448,37.3266268469033,25,4.57717698836844,37.3266268469033
"2862","Gz9SlLqxS6wnxPvgdOQNrA",1,FALSE,FALSE,53,513,1.89278752436647,0.52832131822863,FALSE,FALSE,FALSE,971,7.97963291618275,25,3.99864937166421,7.97963291618275
"2925","WbJ1LRQdOuYYlRLyTkuuxw",1,TRUE,FALSE,44,830,1.3710843373494,0.729349736379613,FALSE,FALSE,FALSE,1138,23.1740683741891,25,4.41225129163461,23.1740683741891
"2938","vK1_qKEG7zHvjiTOsN0CRg",1,FALSE,FALSE,57,508,1.52362204724409,0.656330749354005,FALSE,FALSE,FALSE,774,7.83781501400067,25,4.73629939108405,7.83781501400067
"2946","KskYqH1Bi7Z_61pH6Om8pg",1,FALSE,FALSE,41,3458,1.21717755928282,0.821572820147303,FALSE,FALSE,FALSE,4209,-500.704259216847,25,3.6272040302267,-500.704259216847
"3009","pH0BLkL4cbxKzu471VZnuA",1,TRUE,FALSE,45,1823,1.70323642347778,0.587117552334944,FALSE,FALSE,FALSE,3105,32.9089086221705,25,4.65454024634775,32.9089086221705
"3011","ALwAlxItASeEs2vYAeLXHA",1,FALSE,FALSE,45,447,1.37360178970917,0.728013029315961,FALSE,FALSE,FALSE,614,8.07894736842113,25,4.56052631578948,8.07894736842113
"3074","RwMLuOkImBIqqYj4SSKSPg",1,TRUE,FALSE,41,1831,1.11687602403058,0.895354523227384,FALSE,FALSE,FALSE,2045,73.3532608695821,25,4.16804347826088,73.3532608695821
"3092","IWN2heYitkg-D4UdqfxcMA",1,TRUE,FALSE,43,778,0.88560411311054,1.12917271407837,FALSE,FALSE,FALSE,689,7.16951184425135,25,4.22988395511653,7.16951184425135
"3197","o7AiTlyWUrBSzdz6oMHj5w",1,TRUE,FALSE,92,2214,1.81978319783198,0.54951600893522,FALSE,FALSE,FALSE,4029,-462.902846534647,25,0.969884488448849,-462.902846534647
"3240","IMLrj2klosTFvPRLv56cng",1,TRUE,FALSE,79,1005,1.53532338308458,0.651328580686973,FALSE,FALSE,FALSE,1543,-18.8483358753689,25,3.69419326724044,-18.8483358753689
"3269","S-oLPRdhlyL5HAknBKTUcQ",1,FALSE,FALSE,43,698,1.73925501432665,0.57495881383855,FALSE,FALSE,FALSE,1214,-11.0565929659756,25,4.6314010768702,-11.0565929659756
"3325","DkYS3arLOhA8si5uUEmHOw",1,TRUE,FALSE,47,4655,0.728678839957035,1.37234669811321,FALSE,FALSE,FALSE,3392,168.753178565913,25,4.68914397488032,168.753178565913
"3338","q-zZgXKAQFLEgMp9ZNllgQ",1,TRUE,FALSE,59,1033,1.47628267182962,0.677377049180328,FALSE,FALSE,FALSE,1525,-120.759681209769,25,3.13211402881374,-120.759681209769
"3366","VyjyHoBg3KC5BSFRlD0ZPQ",1,TRUE,FALSE,64,2096,1.92175572519084,0.520357497517378,FALSE,FALSE,FALSE,4028,-89.0494371442231,25,2.39036082694858,-89.0494371442231
"3385","ppobG2P-YmqTPy0s4MTRtA",1,TRUE,FALSE,41,249,1.70281124497992,0.587264150943396,FALSE,FALSE,FALSE,424,-19.5436327961659,19,3.03129724339799,-14.8531609250861
"3447","Ec9CBmL3285XkeHaNp-bSQ",1,TRUE,FALSE,45,824,1.32160194174757,0.756657483930211,FALSE,FALSE,FALSE,1089,-4.28615160349917,25,4.42962099125364,-4.28615160349917
"3490","QGTqGNLZbBA1QD8L_fO9ZA",1,TRUE,FALSE,56,371,1.52291105121294,0.656637168141593,FALSE,FALSE,FALSE,565,8.81514458421826,21,3.6623917660513,7.40472145074334
"3643","d10IxZPirVJlOSpdRZJczA",1,FALSE,FALSE,60,1391,1.5765636232926,0.634290925672595,FALSE,FALSE,FALSE,2193,7.72183098591586,25,4.50338028169014,7.72183098591586
"3652","woXlprCuowrLJswWere3TQ",1,FALSE,FALSE,47,489,1.29243353783231,0.77373417721519,FALSE,FALSE,FALSE,632,-5.65562378797645,25,4.36867727860375,-5.65562378797645
"3663","ghVhlFpNhfBwWDFGSlt2JA",1,TRUE,FALSE,42,254,1.7755905511811,0.563192904656319,FALSE,FALSE,FALSE,451,28.2061392823582,18,5.01792364180559,20.3084202832979
"3696","BLIJ-p5wYuAhw6Pp6mh6mw",1,TRUE,FALSE,147,2436,1.44663382594417,0.691259931895573,FALSE,FALSE,FALSE,3524,7.95352782574215,25,2.14418794874125,7.95352782574215
"3772","eLFfWcdb7VkqNyTONksHiQ",1,FALSE,FALSE,43,1619,0.319950586781964,3.12548262548263,FALSE,FALSE,FALSE,518,-11.3932169241107,25,4.42058428475487,-11.3932169241107
"3797","-ed0Yc9on37RoIoG2ZgxBA",1,FALSE,FALSE,68,1117,1.70098478066249,0.587894736842105,FALSE,FALSE,FALSE,1900,81.7454635570121,25,4.81057080706006,81.7454635570121
"3821","N5B7OBTyNGgwU_Y2fwNcyw",1,TRUE,FALSE,46,700,1.93142857142857,1.03550295857988,FALSE,FALSE,FALSE,1353,-19.4843826032665,25,3.50327313458872,-19.4843826032665
"3854","2iTsRqUsPGRH1li1WVRvKQ",1,FALSE,FALSE,47,1225,0.776326530612245,2.57623554153523,FALSE,FALSE,FALSE,952,-52.0310753713964,25,3.53564127027396,-52.0310753713964
"3961","L3R7y3_tUKQlM9kor4-Ccw",1,FALSE,FALSE,90,216,1.88425925925926,1.06142506142506,FALSE,FALSE,FALSE,408,5.40865572066024,19,3.13195858423948,4.11057834770178
"3965","iIwKW2cBAxjElE8eUzjwqA",1,FALSE,FALSE,48,711,1.52742616033755,1.30939226519337,FALSE,FALSE,FALSE,1087,15.8514971093274,25,4.13115885753732,15.8514971093274
"4092","utIA0LyQmwP-9DRyxUe6qQ",1,FALSE,FALSE,51,880,1.31363636363636,1.52249134948097,FALSE,FALSE,FALSE,1157,8.08820857052775,25,4.78286265274713,8.08820857052775
"4135","w5CSi-An5meLnxjKSFn0wQ",1,TRUE,FALSE,48,504,1.35119047619048,1.48017621145374,FALSE,FALSE,FALSE,682,25.9246056782335,25,3.77977917981073,25.9246056782335
"4154","r_BrIgzYcwo1NAuG9dLbpg",1,FALSE,FALSE,42,990,0.972727272727273,2.05607476635514,FALSE,FALSE,FALSE,964,12.8191489361724,25,4.49468085106383,12.8191489361724
"4233","kG_EB5RAsSA3f9HJikI1rw",1,TRUE,FALSE,43,432,1.8912037037037,1.05752753977968,FALSE,FALSE,FALSE,818,-23.5122986164057,23,2.44869014735842,-21.6313147270932
"4234","thLX_k20SPJ0KyusGTBIHw",1,FALSE,FALSE,52,509,1.57170923379175,1.2725,FALSE,FALSE,FALSE,801,-16.2440787199869,25,3.75303433834143,-16.2440787199869
"4279","N_2yEZ41g9zDW_gWArFiHw",1,TRUE,FALSE,85,460,1.07826086956522,1.85483870967742,FALSE,FALSE,FALSE,497,-10.4693958664546,12,3.03471118177001,-5.02531001589821
"4402","H0xkoPI-WwbjY7r-Zt-arw",1,FALSE,FALSE,57,474,1.75738396624473,1.13805522208884,FALSE,FALSE,FALSE,834,1.21405795092196,18,2.94420567801963,0.874121724663814
"4435","FMnH5WIRLyexBYMBUUnDxQ",1,TRUE,FALSE,46,519,1.5606936416185,1.28148148148148,FALSE,FALSE,FALSE,811,17.4811234120703,25,4.17764399775522,17.4811234120703
"4469","3Mx4renubPRnjHUw1n2UkA",1,FALSE,FALSE,48,752,0.901595744680851,2.21828908554572,FALSE,FALSE,FALSE,679,28.0470125693671,25,3.44864403788458,28.0470125693671
"4503","Ap17p-tA4Ipzy1s35DfCfg",1,TRUE,FALSE,62,313,1.46964856230032,1.36086956521739,FALSE,FALSE,FALSE,461,-9.82990935771238,25,4.20245175700595,-9.82990935771238
"4513","uGupeWqih0yIcCg8anM1PA",1,FALSE,FALSE,46,2028,1.65335305719921,1.20966298836863,FALSE,FALSE,FALSE,3354,171.957088504936,25,4.84288654649785,171.957088504936
"4617","GJ_bXUPv672YwNg4TneJog",1,TRUE,FALSE,55,1219,1.8228055783429,1.0972097209721,FALSE,FALSE,FALSE,2223,90.0009132234755,25,4.01862975890901,90.0009132234755
"4714","JmI9nslLD7KZqRr__Bg6NQ",1,TRUE,FALSE,42,1977,1.95295902883156,1.02408702408702,FALSE,FALSE,FALSE,3862,202.224323662625,25,3.64132696780512,202.224323662625
"4715","68jn0s0snbO5dhasLaVvDw",1,TRUE,FALSE,40,263,1.8745247148289,1.06693711967546,FALSE,FALSE,FALSE,494,2.35873037565986,25,4.47955993645045,2.35873037565986
"4753","rioQ_p2pILNbJ4Xp5jW6-Q",1,TRUE,FALSE,45,598,1.92307692307692,1.04,FALSE,FALSE,FALSE,1151,5.98317912047158,25,4.42484956518155,5.98317912047158
"4772","ThNGovQZjZ5mn-ZwX_N2BQ",1,TRUE,FALSE,74,1057,1.03784295175024,1.92707383773929,FALSE,FALSE,TRUE,1098,21.8663363231491,25,2.43260365050493,21.8663363231491
"4813","IRzXVRIzRoYpnjaVXF3vNA",1,TRUE,FALSE,74,446,1.60986547085202,1.24233983286908,FALSE,FALSE,FALSE,719,-30.4781979120436,25,3.30303384169839,-30.4781979120436
"4856","-bd4BQcl1ekgo7avaFngIw",1,TRUE,FALSE,62,455,1.93406593406593,1.03409090909091,FALSE,FALSE,FALSE,881,-3.40743964924413,20,3.38040155661821,-2.7259517193953
"4935","ItqPtxnayraXSlBS0EMOgg",1,FALSE,FALSE,43,709,1.67418899858956,1.19460825610783,FALSE,FALSE,FALSE,1188,-20.7801923659278,25,4.1639869064271,-20.7801923659278
"5099","OPSNdO3LNPMt7qz1MNb42g",1,TRUE,FALSE,54,504,1.48412698412698,1.3475935828877,FALSE,FALSE,FALSE,749,81.2718957374323,25,5.37986488910146,81.2718957374323
"5250","l_GV0hgEoTUf70uJVT0_hg",1,FALSE,FALSE,86,1647,0.964177292046145,2.07430730478589,FALSE,FALSE,FALSE,1589,61.0641685621928,25,4.84113492158506,61.0641685621928
"5294","-FtngCwHCD2tRlH8jpj_Ag",1,FALSE,FALSE,61,388,1.79896907216495,1.11174785100287,FALSE,FALSE,FALSE,699,-3.71295017528961,15,3.49031481284748,-2.22777010517376
"5306","UTXNr62dGSK-tet8OeXUcQ",1,TRUE,FALSE,50,637,1.66875981161695,1.19849482596425,FALSE,FALSE,FALSE,1064,-5.22512489752982,25,4.08449723910724,-5.22512489752982
"5425","Xj7DIGRHEchJ-VVdISazQQ",1,TRUE,FALSE,87,841,1.85017835909631,1.08097686375321,FALSE,FALSE,FALSE,1557,-56.2848212026612,25,2.90206207303702,-56.2848212026612
"5440","OKZkEXzJt0XIamHRRTX-8g",1,TRUE,FALSE,45,717,1.42817294281729,1.400390625,FALSE,FALSE,FALSE,1025,-47.4144689950072,25,1.82259444048468,-47.4144689950072
"5536","fAlKTsfsUF6A5iujEI2Z1w",1,TRUE,FALSE,40,388,1.95103092783505,1.02509907529723,FALSE,FALSE,FALSE,758,-5.40248231769969,18,2.86692472042666,-3.88978726874377
"5570","MpmFFw0GE_2iRFPdsRpJbA",1,TRUE,FALSE,79,2828,1.04137199434229,1.92054329371817,FALSE,FALSE,FALSE,2946,62.2605615494589,25,2.6133389661597,62.260561549459
"5599","7sb2FYLS2sejZKxRYF9mtg",1,TRUE,FALSE,41,1443,0.888426888426888,2.25117004680187,FALSE,FALSE,FALSE,1283,-36.8117641605658,25,3.95193288217298,-36.8117641605658
"5677","oXoVJ0xKv82cBo9U6oEjlQ",1,TRUE,FALSE,42,919,1.20674646354733,1.65734896302976,FALSE,FALSE,FALSE,1110,4.81620888176782,25,3.05606874822725,4.81620888176782
"5758","X8c23dur0ll2D9XTu-I8Qg",1,FALSE,FALSE,71,1432,0.958100558659218,2.08746355685131,FALSE,FALSE,FALSE,1373,64.6125679618056,25,3.39389669805066,64.6125679618056
"5984","698nukvxe7mq2Fra5vDikQ",1,TRUE,FALSE,47,452,1.44026548672566,1.38863287250384,FALSE,FALSE,FALSE,652,-2.21600123391501,25,3.87951701040014,-2.21600123391501
"6022","yNPh5SO-7wr8HPpVCDPbXQ",1,FALSE,FALSE,57,1210,1.78760330578512,1.11881645862228,FALSE,FALSE,FALSE,2164,30.6293077464058,25,4.16005224555411,30.6293077464058
"6033","LNGBEEelQx4zbfWnlc66cw",1,TRUE,FALSE,40,1824,1.57785087719298,1.2675469075747,FALSE,FALSE,FALSE,2879,-58.59911504425,25,3.24247787610618,-58.59911504425
"6041","0a2O150ytxrDjDzXNfRWkA",1,FALSE,FALSE,47,265,1.74339622641509,1.14718614718615,FALSE,FALSE,FALSE,463,4.73684822414696,21,4.10852758239842,3.97895250828344
"6047","A-uZAD4zP3rRxb44WUGV5w",1,TRUE,FALSE,41,1134,1.05820105820106,1.89,FALSE,FALSE,FALSE,1201,10.5453658536582,25,4.78087804878049,10.5453658536582
"6072","ArmAaGCdCVAlkhdtaT6RzQ",1,FALSE,FALSE,69,691,1.70332850940666,1.17417162276975,FALSE,FALSE,FALSE,1178,-5.68502332564771,25,3.49691672475736,-5.68502332564771
"6075","ozMd45nXHTCl3mdOwouwlw",1,FALSE,FALSE,79,245,1.77551020408163,1.1264367816092,FALSE,FALSE,FALSE,436,1.83478802992519,12,4.57013715710723,0.88069825436409
"6098","ICdoTODBaprN0UReete9VQ",1,FALSE,FALSE,50,360,1.01111111111111,1.97802197802198,FALSE,FALSE,FALSE,365,3.01720285969619,21,4.26921358355675,2.5344504021448
"6150","P7pxQFqr7yBKMMI2J51udw",1,TRUE,FALSE,42,2474,0.898544866612773,3.3387314439946,FALSE,FALSE,FALSE,2225,24.3021844660178,25,4.12233009708738,24.3021844660178
"6169","5q6Xh-UcJa78bp6dzyaE7w",1,FALSE,FALSE,55,273,1.79487179487179,1.67142857142857,FALSE,FALSE,FALSE,492,5.42360886650903,16,4.7473419185819,3.47110967456578
"6187","E4JyAzB5_2quptwtemyhYA",1,TRUE,FALSE,47,810,1.73950617283951,1.72462739531583,FALSE,FALSE,FALSE,1411,-22.0518904408764,25,4.41243914645798,-22.0518904408764
"6303","n8Zqqhff-2cxzWt_nwhU2Q",1,FALSE,FALSE,48,818,0.721271393643032,4.15932203389831,FALSE,FALSE,FALSE,592,-19.0586084558539,25,2.82357042155329,-19.0586084558539
"6370","Az_60nNuh1FH8Ds8oasZjw",1,FALSE,FALSE,76,1566,1.88250319284802,1.59362279511533,FALSE,FALSE,FALSE,2950,36.4898989898964,25,3.7585601780517,36.4898989898964
"6410","CoyeXg8FBsS_d20QzNIy-A",1,FALSE,FALSE,56,466,1.74463519313305,1.71955719557196,FALSE,FALSE,FALSE,815,12.954853320916,25,4.74380899970368,12.954853320916
"6471","OjApDLQUPV8c_yPCg8xZog",1,FALSE,FALSE,84,685,1.25401459854015,2.39231664726426,FALSE,FALSE,FALSE,861,3.30833918847708,25,4.11035482171087,3.30833918847708
"6634","0_aeYE2-VbsZts_UpILgDw",1,FALSE,FALSE,54,669,0.989536621823617,3.03172205438066,FALSE,FALSE,FALSE,664,7.34749944884423,25,4.53019485474927,7.34749944884423
"6801","rbcfYmJtqwIkk17IeOI5Kw",1,TRUE,FALSE,45,497,1.4748490945674,2.03410641200546,FALSE,FALSE,FALSE,735,-29.0159130682513,25,3.13520003255871,-29.0159130682513
"6831","Lz6QUlFkVKtnzSISk0WUPw",1,TRUE,FALSE,140,752,1.52792553191489,1.96344647519582,FALSE,FALSE,FALSE,1151,14.5165935332809,25,4.94613525058983,14.5165935332809
"6852","NAPuzJcanOp91dE4GXPOow",1,TRUE,FALSE,45,402,1.80348258706468,1.66344827586207,FALSE,FALSE,FALSE,727,-19.6498120133813,25,3.09618401965718,-19.6498120133813
"6898","RwlumSqNBunw1a1LXccN8A",1,FALSE,FALSE,42,352,1.46590909090909,2.04651162790698,FALSE,FALSE,FALSE,518,3.14899872854413,25,4.37921169739352,3.14899872854413
"6906","C8_zdU7zGLUK3uC4e5AepQ",1,TRUE,FALSE,108,204,1.7843137254902,1.68131868131868,FALSE,FALSE,FALSE,366,-8.01887094194777,15,3.53510315048777,-4.81132256516866
"6987","wa8QgXQu1ZxwPgdRl9lYlg",1,FALSE,FALSE,41,315,1.39365079365079,2.15261958997722,FALSE,FALSE,FALSE,441,8.25171279802686,23,4.60716786943151,7.59157577418471
"7131","ZKsVCA89iXMccf3fEhS3iw",1,TRUE,FALSE,61,271,1.64944649446494,1.81879194630872,FALSE,FALSE,FALSE,449,2.42856014844635,14,4.74369300011844,1.35999368312996
"7155","Hp8k_RpSIWSeJguyaQpfIw",1,FALSE,FALSE,40,378,1.38359788359788,2.16826003824092,FALSE,FALSE,FALSE,525,-14.2821352626305,14,3.79852369662454,-7.99799574707306
"7247","tD4UIUQhXfX0lKb_OMrG9g",1,FALSE,FALSE,54,492,1.80284552845528,1.66403607666291,FALSE,FALSE,FALSE,889,-13.507942598419,15,3.25806154554524,-8.10476555905142
"7544","IhNASEZ3XnBHmuuVnWdIwA",1,TRUE,FALSE,41,769,0.734720416124837,4.08318584070796,FALSE,FALSE,FALSE,567,3.16662575181052,25,5.01785933472444,3.16662575181052
"7712","LR0qF0FEVsCOhYWUOiH26A",1,TRUE,FALSE,61,1651,1.56935190793459,1.91161713624083,FALSE,FALSE,FALSE,2593,174.418846703535,25,4.09597340458584,174.418846703535
"7802","jBh399TajGcH28Zo2J1pHw",1,FALSE,FALSE,62,336,1.39583333333333,2.14925373134328,FALSE,FALSE,FALSE,471,-20.7095394736841,18,2.5797149122807,-14.9108684210525
"7869","_XN-GwzZwAyIqLKJsl2htg",1,TRUE,FALSE,58,689,1.37880986937591,2.17578947368421,FALSE,FALSE,FALSE,952,19.3999481413382,25,4.3870659783608,19.3999481413382
"8154","sJNcipFYElitBrtiJx0ezQ",1,TRUE,FALSE,102,748,1.65909090909091,1.80821917808219,FALSE,FALSE,FALSE,1243,-10.8332725012824,25,4.18053801838772,-10.8332725012824
"8485","_w5hBpkjHs5_Hv3pLeHtIw",1,TRUE,FALSE,46,1429,1.80825752274318,2.21207430340557,FALSE,FALSE,FALSE,2587,70.4524317241748,25,4.22418621380675,70.4524317241748
"8514","aKcqKNcbwNydCBnvAA4TeQ",1,FALSE,FALSE,98,629,1.8664546899841,2.14310051107325,FALSE,TRUE,FALSE,1177,27.3745856554839,25,3.04192620114377,27.3745856554839
"8550","6tSvz_21BMo3a4GaItwa0g",1,TRUE,FALSE,49,805,1.3527950310559,2.95684113865932,FALSE,FALSE,FALSE,1092,56.0330286051244,25,4.91212031849012,56.0330286051244
"8577","Cni2l-VKG_pdospJ6xliXQ",1,TRUE,FALSE,57,2313,1.84522265456118,2.16776007497657,FALSE,FALSE,FALSE,4271,-163.818169504873,25,2.12351470823637,-163.818169504873
"8669","LelAlfuj5oVRF9CQdWLsNQ",1,TRUE,FALSE,51,716,1.58100558659218,2.53003533568905,FALSE,FALSE,FALSE,1135,25.9007421150279,25,4.97962894248609,25.9007421150279
"8949","EnCIojgP5KTr1leaysFE3A",1,FALSE,FALSE,49,1045,1.98851674641148,2.01154956689124,FALSE,FALSE,FALSE,2081,10.0628626692472,25,4.30270793036751,10.0628626692472
"9030","0W4lkclzZThpx3V65bVgig",1,FALSE,FALSE,45,1603,1.92389270118528,2.07911802853437,FALSE,FALSE,FALSE,3087,4.23747426218303,25,4.14207275223062,4.23747426218303
"9156","Pthe4qk5xh4n-ef-9bvMSg",1,TRUE,FALSE,47,323,1.45510835913313,2.74893617021277,FALSE,FALSE,FALSE,473,-13.4477757474316,25,3.75538596194893,-13.4477757474316
"9324","zRqi6L1u-YmmVAHjeUbGMQ",1,TRUE,FALSE,49,764,1.09424083769634,3.6555023923445,FALSE,FALSE,FALSE,839,-57.3941505033148,25,3.05975325313037,-57.3941505033148
"9385","-wCtRhzWJ40Z4F8mmg7kWg",1,TRUE,FALSE,43,215,1.81860465116279,2.19948849104859,FALSE,TRUE,FALSE,394,21.062585371911,15,4.9154973301875,12.6375512231466
"9514","Z364k7JsDIROxYc4Mo_o4w",1,FALSE,FALSE,59,214,1.87383177570093,2.13466334164589,FALSE,FALSE,FALSE,404,21.420041180508,12,4.02762525737818,10.2816197666438
"9610","IZivKqtHyz4-ts8KsnvMrA",1,TRUE,FALSE,50,865,1.05664739884393,3.7855579868709,FALSE,FALSE,FALSE,917,17.5399477680511,25,4.05762441359965,17.5399477680511
"9737","uuGL8diLlHfeUeFuod3F-w",1,TRUE,FALSE,56,902,0.83370288248337,4.79787234042553,FALSE,FALSE,FALSE,755,-34.9656689089679,25,2.12267643195478,-34.9656689089679
"9927","RwRNR4z3kY-4OsFqigY5sw",1,FALSE,FALSE,64,748,0.899732620320856,4.44576523031204,FALSE,FALSE,FALSE,676,-2.29981443132614,15,3.84193045208832,-1.37988865879568
"9934","dn_ipqbm7_jUz5X3rDez_A",1,TRUE,FALSE,47,1278,1.95774647887324,2.0431654676259,FALSE,FALSE,FALSE,2505,12.7013701849213,25,4.39580810180582,12.7013701849213
"9970","ty5KQYqYRxwXDG_e4pz-4w",1,FALSE,FALSE,66,1353,1.56393200295639,2.55765595463138,FALSE,FALSE,FALSE,2119,-4.65071499682857,25,4.52251334962441,-4.65071499682857
"10036","i9D9xPBV0gR1Ja9kbY4NCw",1,TRUE,FALSE,45,367,1.22888283378747,3.2549889135255,FALSE,FALSE,FALSE,454,-1.68296482600691,25,4.31281204249409,-1.68296482600691
"10204","1DP5vHxJzCDbgawv0WC3yA",1,TRUE,FALSE,101,604,1.8476821192053,2.16487455197133,FALSE,FALSE,FALSE,1119,-2.3055203060542,25,3.71091090434872,-2.3055203060542
"10314","bWucOPNoIjd8ECdiDyVq9Q",1,TRUE,FALSE,49,218,1.80733944954128,2.76649746192893,FALSE,FALSE,FALSE,398,5.45719070546364,20,4.66600376805526,4.36575256437091
"10936","LHyj66waFlDcw9UToo27JQ",1,TRUE,FALSE,100,619,1.32310177705977,3.77899877899878,FALSE,FALSE,FALSE,823,13.8212651646447,25,4.5511403812825,13.8212651646447
"11198","SUd3IyEN7n5OYEGyt_U5lg",1,FALSE,FALSE,100,321,1.82242990654206,2.74358974358974,FALSE,FALSE,FALSE,589,-8.19676180693106,25,4.17328246141806,-8.19676180693106
"11731","m-xsH8VkcYtTTvp2Fa6Ajw",1,FALSE,FALSE,46,398,1.16834170854271,4.27956989247312,FALSE,FALSE,FALSE,469,2.60619906149666,10,3.1433687330205,1.04247962459866
"12182","zqcGg4GKVK89NXp0rzJmPg",1,FALSE,FALSE,47,307,1.20846905537459,4.96495956873315,FALSE,FALSE,FALSE,376,10.5280640490588,25,5.08272293671749,10.5280640490588
"12677","364hhL5st0LV16UcBHRJ3A",1,FALSE,FALSE,52,801,1.82022471910112,3.2962962962963,FALSE,FALSE,FALSE,1463,7.50826979058569,25,4.33674970033341,7.50826979058569
"12829","dNr7VKRti8dXWE-jzfVBtQ",1,FALSE,FALSE,142,574,1.85540069686411,3.23380281690141,FALSE,FALSE,FALSE,1070,21.3940650016491,25,4.29900608640902,21.3940650016491
"12917","KhWl4Mwhm_Oqq0zIIz-0wQ",1,TRUE,FALSE,64,255,1.51764705882353,3.95348837209302,FALSE,FALSE,FALSE,392,17.592042967973,16,3.34987069822956,11.2589074995027
"13781","SVGApDPNdpFlEjwRQThCxA",1,FALSE,FALSE,55,884,1.60180995475113,3.74576271186441,FALSE,FALSE,FALSE,1421,-7.5623655675545,25,4.69015677317782,-7.5623655675545
"14755","9fTDeI6mApFX52qYJ8z0mw",1,TRUE,FALSE,39,447,1.28635346756152,5.44173913043478,FALSE,FALSE,FALSE,581,1.51958338762819,17,4.68069956626147,1.03331670358717
"15164","WYw3Uf56DT5IwpaLNnCH5Q",1,TRUE,FALSE,61,2069,1.25374577090382,5.58326908249807,FALSE,FALSE,FALSE,2600,-54.6480144404154,25,3.02011594001667,-54.6480144404154
"15797","ZkUWOdBA4T7pdUhT0dkRzQ",1,FALSE,FALSE,71,373,1.65951742627346,4.82067851373183,FALSE,FALSE,FALSE,626,16.8278434019576,21,3.60342558218023,14.1353884576443
"16282","YXohNvMTCmGhFMSQsDZq1g",1,TRUE,FALSE,54,560,1.83928571428571,4.3495145631068,FALSE,FALSE,FALSE,1037,11.5565557591609,25,4.29423839223086,11.5565557591609
"17081","4mb32UmQULqg7IMck28vog",1,FALSE,FALSE,70,273,1.69230769230769,5.31818181818182,FALSE,FALSE,FALSE,470,15.5694032616753,13,4.80267790956264,8.09608969607117
"17973","y6QP5IrOJ7_FsB51jN2_Jg",1,TRUE,FALSE,64,367,1.81198910081744,5.5187969924812,FALSE,FALSE,FALSE,674,5.05950923028079,25,3.98063228557173,5.05950923028079
"19365","kABF0hYfAEnl166mn1zR1A",1,FALSE,FALSE,47,361,1.70914127423823,6.43598055105349,FALSE,FALSE,FALSE,627,6.073050697555,24,4.25294570768309,5.8301286696528
"21886","WUq8HJHIZU4uteB154XN7w",1,TRUE,FALSE,129,2014,1.09781529294935,11.8417005879692,FALSE,FALSE,FALSE,2223,-22.9006575668873,25,2.56488604274184,-22.9006575668873
"22191","aLcFhMe6DDJ430zelCpd2A",0,FALSE,FALSE,329,1145,1.90655021834061,6.81859825927623,FALSE,FALSE,FALSE,2195,5.66489471086613,7,4.43117134161388,1.58617051904252
"25784","i1Xkm22_96GNVVOXSUoL0A",1,FALSE,FALSE,68,233,1.81974248927039,9.34198113207547,FALSE,FALSE,FALSE,440,-7.8835386338186,4,4.0431131019037,-1.26136618141098
"32590","iJ4uoZkPNJ39Vfh0HirI3w",0,FALSE,TRUE,73,333,1.9039039039039,13.6561514195584,TRUE,TRUE,FALSE,659,15.0285062713798,3,4.04028886354998,1.80342075256557
"33881","EBnv9_03eNqxQqRQJH4SUw",1,TRUE,FALSE,143,470,1.43617021276596,20.1925925925926,FALSE,FALSE,FALSE,703,-0.635253308459169,11,3.59890398181076,-0.279511455722034
"34470","VD0zZKG_ZEz_VYlKLtu9Zg",0,FALSE,TRUE,56,367,1.70027247956403,17.0560897435897,FALSE,FALSE,FALSE,652,-12.0823764010177,16,3.23554287285979,-7.73272089665131
"47064","0qPNeqLuKE88rKbIbSZDpg",0,FALSE,FALSE,122,266,1.47744360902256,36.5496183206107,FALSE,TRUE,TRUE,446,NA,1,5,NA
"53618","jIzygnVmajEXYmfsBNY_Gw",0,TRUE,FALSE,70,575,1.69739130434783,41.8288934426229,FALSE,FALSE,FALSE,1046,4.32707070974925,10,4.72804656528022,1.7308282838997
"72801","j8pUAS0qdEcPsjkqEDNbhw",0,TRUE,TRUE,59,475,1.46315789473684,91.5827338129496,TRUE,FALSE,FALSE,828,NA,1,2,NA
"97882","sHsjBV5_kuuC2aU2PuSlUg",0,TRUE,TRUE,409,189,0.941798941798942,312.168539325843,FALSE,FALSE,FALSE,471,NA,1,4,NA
"104042","jQ-kmllrSXcIJN7At3Dvkw",0,FALSE,FALSE,NA,5,1,363,FALSE,FALSE,FALSE,367,NA,1,5,NA
"104745","OLtq7DPvYhsJNKkAdf7dGQ",1,FALSE,FALSE,NA,3,1.33333333333333,279,FALSE,FALSE,FALSE,375,NA,1,4,NA
"105187","DJIZSPF4G7hoVNgkNawqaw",1,TRUE,FALSE,NA,3,0.333333333333333,1137,FALSE,FALSE,FALSE,379,NA,1,5,NA
"105725","4tiFtmGNFcvKRSPXPVT8Hw",0,FALSE,TRUE,361,411,1.35766423357664,285.048387096774,FALSE,FALSE,FALSE,944,NA,1,3,NA
"105935","slvxNyRMwY52Xd9Cd5ElEA",1,FALSE,FALSE,NA,3,0.333333333333333,1170,FALSE,FALSE,FALSE,390,NA,1,5,NA
"106824","3qlqzQrwh8hjBltlgFgsJQ",0,TRUE,FALSE,480,262,1.52290076335878,266.59649122807,TRUE,FALSE,FALSE,804,NA,1,4,NA
"106944","jhC1GrpFPZc00TO6Qikm_w",1,FALSE,FALSE,NA,6,1.33333333333333,306,FALSE,FALSE,FALSE,415,NA,1,5,NA
"107147","hRIp0haoXYVton0vdlHXtQ",1,FALSE,FALSE,451,3,0.666666666666667,616.5,FALSE,FALSE,FALSE,412,NA,1,5,NA
"107347","yzje_wZIMSBehvodc2cFTw",1,FALSE,FALSE,NA,4,0.25,1656,FALSE,TRUE,FALSE,414,NA,1,5,NA
"107564","RTwBrHGcLUzOrmlWc2TNLg",1,FALSE,FALSE,NA,3,0.333333333333333,1254,FALSE,FALSE,FALSE,418,NA,1,5,NA
"108010","RE5uwf7kuckpy9gKq6i2aw",1,FALSE,FALSE,NA,3,1.33333333333333,318.75,FALSE,FALSE,FALSE,428,NA,1,5,NA
"109081","iztJcY9UG8mQpks7MwMr4Q",1,TRUE,FALSE,483,3,0.333333333333333,1329,FALSE,FALSE,FALSE,443,NA,1,5,NA
"109183","tb3xLVLoOejw6IMpviW6og",0,FALSE,FALSE,484,3,1,445,FALSE,FALSE,FALSE,447,NA,1,5,NA
"109199","oHU7Hu8uEwMbScjD0qETPQ",1,TRUE,FALSE,488,3,1.33333333333333,333.75,FALSE,FALSE,FALSE,448,NA,1,4,NA
"109532","6OXnaFxd12hlcPuZlozNIg",1,TRUE,FALSE,490,4,1.5,300.666666666667,FALSE,FALSE,FALSE,456,NA,1,5,NA
"109580","uRJVdhFKFkyelPZb1zqytQ",1,FALSE,FALSE,NA,3,1.33333333333333,339,FALSE,FALSE,FALSE,455,NA,1,5,NA
"109842","bVSgs3LgopcacbrT69FrWg",0,FALSE,FALSE,501,7,1,456,FALSE,FALSE,FALSE,462,NA,1,5,NA
"109992","-6BsCHv7TOzDe1vaxXU7wg",1,FALSE,FALSE,NA,3,1,459,FALSE,FALSE,FALSE,461,NA,1,5,NA
"110004","ikyJC-gPhSuApuq7efJfoA",0,TRUE,TRUE,486,12,1.91666666666667,239.478260869565,FALSE,FALSE,FALSE,481,NA,1,5,NA
"110090","hVgpllhBHduT24cApmXTMQ",1,FALSE,FALSE,NA,3,0.666666666666667,690,FALSE,FALSE,FALSE,461,NA,1,4,NA
"110364","YShJyhSL6pBLIDC7xy-cYA",1,FALSE,FALSE,NA,4,0.75,620,FALSE,FALSE,FALSE,467,NA,1,5,NA
"110662","gz1762bZpUyKZVYCvWNwLA",1,FALSE,FALSE,NA,3,1.33333333333333,352.5,FALSE,FALSE,FALSE,473,NA,1,5,NA
"111012","bVd68hILQ-vxwkAKZlkVuA",1,TRUE,FALSE,NA,4,0.75,636,FALSE,FALSE,FALSE,479,NA,1,5,NA
"111398","V67b4_t8FTWn-7XHYqTItQ",1,FALSE,FALSE,NA,3,1,485,FALSE,FALSE,FALSE,487,NA,1,5,NA
"111519","zIQ894rVKQiFwiyQu2dAXA",1,FALSE,FALSE,NA,4,1.25,389.6,FALSE,FALSE,FALSE,491,NA,1,5,NA
"111606","DdH6h7CyVRoEPYgj7KLMmQ",0,FALSE,FALSE,NA,4,1,489,FALSE,FALSE,FALSE,492,NA,1,5,NA
"111724","QB0yBWP-fpwBhNoWyP-xww",1,FALSE,FALSE,NA,6,1,491,FALSE,FALSE,FALSE,496,NA,1,5,NA
"112945","pY2xXPoUO7w25l3BLqzHhw",1,TRUE,FALSE,NA,3,0.333333333333333,1539,FALSE,FALSE,FALSE,513,NA,1,5,NA
"113034","Z6TyyDS1wVbiacFEBo8wkQ",1,FALSE,FALSE,NA,3,0.333333333333333,1545,FALSE,FALSE,FALSE,515,NA,1,4,NA
"113192","8f5BmCaVR6vYJkDJzlnahQ",1,TRUE,FALSE,1229,4,0.5,1036,FALSE,FALSE,FALSE,519,NA,1,5,NA
"113787","asgD0EDuPg46Y_MOD0N-8g",1,FALSE,FALSE,567,3,0.333333333333333,1584,FALSE,FALSE,FALSE,528,NA,1,5,NA
"113964","Tfpl122z03sp7fPi63Suag",1,TRUE,FALSE,207,3,0.666666666666667,796.5,FALSE,FALSE,FALSE,532,NA,1,5,NA
"114004","kV7RGUXSWB6mzvNrHANhsQ",1,FALSE,FALSE,573,4,0.75,709.333333333333,FALSE,FALSE,FALSE,534,NA,1,5,NA
"114054","VoMhZvbWaevPDN7OW6IYAw",1,TRUE,FALSE,NA,4,0.5,1066,FALSE,FALSE,FALSE,534,NA,1,5,NA
"114388","yAQ9g1UEt4T3D0hQU54oPw",1,FALSE,FALSE,NA,5,0.8,673.75,FALSE,FALSE,FALSE,542,NA,1,5,NA
"114410","Uiwgr1m6qgpVWP_AOr7-UA",1,FALSE,FALSE,NA,6,0.666666666666667,808.5,FALSE,FALSE,FALSE,542,NA,1,5,NA
"114593","bzLSsQ0Sbxt_BjlURH7l-A",1,TRUE,FALSE,NA,6,1.33333333333333,406.5,FALSE,FALSE,FALSE,549,NA,1,5,NA
"114840","hcCjc1kllKpnIbKVcH42wQ",1,FALSE,FALSE,592,7,1,547,FALSE,FALSE,FALSE,553,NA,1,5,NA
"115145","DWUEHd2EjUvNi0DQ67EfHA",1,TRUE,FALSE,NA,3,0.333333333333333,1662,FALSE,FALSE,FALSE,554,NA,1,5,NA
"115183","oCbk_T5eyc3KB0iT6T5q9w",1,FALSE,FALSE,NA,3,0.333333333333333,1662,FALSE,FALSE,FALSE,554,NA,1,1,NA
"115311","BsDf3L7p_O4tEvllQGOq2A",1,TRUE,FALSE,NA,5,0.6,928.333333333333,FALSE,FALSE,FALSE,559,NA,1,5,NA
"115643","hb_mcZjjlWZ988jVBoDUXA",0,TRUE,FALSE,NA,3,0.666666666666667,844.5,FALSE,FALSE,FALSE,564,NA,1,5,NA
"115723","QDjZ6G8xKmj7fPdJ2-dg2Q",1,FALSE,FALSE,NA,3,1.33333333333333,423.75,FALSE,FALSE,FALSE,568,NA,1,5,NA
"115910","UN-C3l6rWybP9WMNZ3vwrQ",1,FALSE,FALSE,611,4,0.75,760,FALSE,FALSE,FALSE,572,NA,1,5,NA
"116095","enK5u-6zmHBmtd-cHJdIxQ",1,FALSE,FALSE,NA,3,1,574,FALSE,FALSE,FALSE,576,NA,1,5,NA
"116130","7lr_44em_QCyHEduOoeNcA",1,FALSE,FALSE,625,9,1.22222222222222,470.454545454545,FALSE,FALSE,FALSE,585,NA,1,5,NA
"116513","wwfq3swZg_w5HP-laMt0Jg",1,FALSE,FALSE,NA,3,1.33333333333333,437.25,FALSE,FALSE,FALSE,586,NA,1,5,NA
"116849","5z7rp491tiKgfHu_spC41w",1,TRUE,FALSE,631,3,1,591,FALSE,FALSE,FALSE,593,NA,1,2,NA
"116859","nbMqj1aold9FAAFgoCgFbQ",1,FALSE,FALSE,633,3,1.33333333333333,443.25,FALSE,FALSE,FALSE,594,NA,1,4,NA
"116943","tlOXaZCkFb1zThoV9IFGHw",1,FALSE,FALSE,NA,3,0.666666666666667,889.5,FALSE,FALSE,FALSE,594,NA,1,5,NA
"117606","hKkjwPiYKvFip62Kphp80w",1,FALSE,FALSE,NA,5,1.4,435,FALSE,FALSE,FALSE,615,NA,1,5,NA
"117608","uXfuEZ1q-IOxpA6g57VQtw",1,FALSE,FALSE,NA,3,1,609,FALSE,FALSE,FALSE,611,NA,1,5,NA
"117665","jLhx-osDdQQnYLIKRCUJCg",1,TRUE,FALSE,NA,3,1.66666666666667,366.6,FALSE,FALSE,FALSE,615,NA,1,5,NA
"117933","oW0a8cifzxRRUW_QjITIzg",1,TRUE,FALSE,667,7,1.57142857142857,392.636363636364,FALSE,FALSE,FALSE,627,NA,1,5,NA
"117984","WDKTg468bkRPW0LqbAZfmg",0,TRUE,TRUE,751,324,1.70061728395062,363.397459165154,FALSE,FALSE,FALSE,1168,NA,1,5,NA
"118147","pNqh89KSaKSgZR32G0h5uw",1,FALSE,FALSE,NA,3,0.666666666666667,934.5,FALSE,FALSE,FALSE,624,NA,1,5,NA
"118423","wHpX5noRvRGy6XZMnMFi7Q",1,TRUE,FALSE,674,4,1.25,504.8,FALSE,FALSE,FALSE,635,NA,1,4,NA
"119462","OZEpz2S7kKaa_8vQz2ATqQ",1,FALSE,FALSE,702,5,0.6,1100,FALSE,FALSE,FALSE,662,NA,1,5,NA
"119523","zDM9Y9P7n3-rBP7ndUGmNQ",1,FALSE,FALSE,NA,4,0.25,2644,FALSE,FALSE,FALSE,661,NA,1,5,NA
"120362","hryM1KqO0yTc47CLzTqraA",1,TRUE,FALSE,NA,4,0.5,1370,FALSE,FALSE,FALSE,686,NA,1,5,NA
"120386","DX8v-c1iMNEjJ3iqdTdxEQ",1,TRUE,FALSE,NA,3,1.66666666666667,411,FALSE,FALSE,FALSE,689,NA,1,5,NA
"120459","XqsWdudtNDdxAcyxoE-yjQ",1,TRUE,FALSE,NA,4,1.25,550.4,FALSE,FALSE,FALSE,692,NA,1,5,NA
"120494","LsWhNrXNB0ADpwivs_TPdA",0,TRUE,FALSE,729,4,0.25,2756,FALSE,FALSE,FALSE,689,NA,1,5,NA
"120923","DrbRTEGcoG8Zf521hfw48Q",1,FALSE,FALSE,NA,3,1,702,FALSE,FALSE,FALSE,704,NA,1,5,NA
"121223","QGAv-8tj5i4m4G-HDMnIbA",0,TRUE,FALSE,749,244,0.704918032786885,1007.20930232558,TRUE,TRUE,FALSE,881,NA,1,3,NA
"121617","UsqTEcfgYTFpv8Nv82ZmFw",1,FALSE,FALSE,762,3,0.333333333333333,2166,FALSE,FALSE,FALSE,722,NA,1,5,NA
"121852","QDab9Io2qXdPP0Bmyve_2Q",1,TRUE,FALSE,NA,3,0.666666666666667,1093.5,FALSE,FALSE,FALSE,730,NA,1,5,NA
"121867","Gemf9IrOQf7PSMifJyYS3A",1,TRUE,FALSE,NA,3,0.333333333333333,2190,FALSE,FALSE,FALSE,730,NA,1,5,NA
"122481","ti9cnZc6v1E4z-6JxPN25g",1,TRUE,FALSE,NA,4,0.75,998.666666666667,FALSE,FALSE,FALSE,751,NA,1,5,NA
"123002","QmBKd1kXyTIgX1rzA-mLwA",1,TRUE,FALSE,815,3,1.66666666666667,462.6,FALSE,FALSE,FALSE,775,NA,1,5,NA
"123576","mS5qL5NzgEPO4npJwVYcMA",1,FALSE,FALSE,839,6,1.16666666666667,681.428571428571,FALSE,FALSE,FALSE,801,NA,1,1,NA
"123896","WEmFC9aqcUk5X8w03Sk8xA",1,FALSE,FALSE,NA,4,1.25,645.6,FALSE,FALSE,FALSE,811,NA,1,5,NA
"124278","sou8ZMPc7VYMCVJ-kGiRJw",0,TRUE,FALSE,NA,3,0.666666666666667,1233,FALSE,FALSE,FALSE,823,NA,1,5,NA
"124953","YKWzwHgZY2T63mhonzd_eA",0,FALSE,FALSE,NA,3,0.333333333333333,2544,FALSE,FALSE,FALSE,848,NA,1,5,NA
"125038","gfr2SFnO3nwtuEXRh9T9Lg",0,FALSE,FALSE,891,3,0.666666666666667,1276.5,FALSE,FALSE,FALSE,852,NA,1,5,NA
"125176","J2mLSFAqpC1y1LdnVQdQZQ",1,FALSE,FALSE,NA,3,0.333333333333333,2571,FALSE,FALSE,FALSE,857,NA,1,5,NA
"125765","NWQ4NpAeGH91DEKTOg2uQw",1,FALSE,FALSE,940,18,1.33333333333333,660,FALSE,FALSE,FALSE,903,NA,1,5,NA
"125793","0fHwjs4R6ZpWcX9G7cBqEQ",1,FALSE,FALSE,191,3,0.666666666666667,1321.5,FALSE,FALSE,FALSE,882,NA,1,1,NA
"126176","YxRu2ISrpSs7p4lxgWuu7w",0,TRUE,TRUE,386,3,0.666666666666667,1341,FALSE,FALSE,FALSE,895,NA,1,5,NA
"126406","O45RansMZmuiGrMS-9Q5YQ",1,TRUE,FALSE,NA,3,1.33333333333333,677.25,FALSE,FALSE,FALSE,906,NA,1,5,NA
"126497","RLitx_VReMk2iLj1xWSVLw",0,FALSE,FALSE,NA,4,1.75,518.285714285714,FALSE,FALSE,FALSE,913,NA,1,5,NA
"126809","C6gxHfx7g0s1Y6MfDsIvog",0,TRUE,FALSE,1093,3,1,919,FALSE,FALSE,FALSE,921,NA,1,5,NA
"126882","ClyJViB7HqeGsNRzdns6BQ",1,TRUE,FALSE,NA,4,1.5,614.666666666667,FALSE,FALSE,FALSE,927,NA,1,5,NA
"127243","HdgTSu4aUHToY1L2BgFUDw",1,TRUE,FALSE,NA,4,1,937,FALSE,FALSE,FALSE,940,NA,1,5,NA
"127327","Fx2Atu3jRbOdLWL3nLtd5Q",1,TRUE,FALSE,981,3,1,941,FALSE,FALSE,FALSE,943,NA,1,5,NA
"127442","IwcePdYrBLac9DgT_1SwWw",0,FALSE,FALSE,NA,6,1.5,630.666666666667,FALSE,FALSE,FALSE,954,NA,1,5,NA
"127845","nxV-iCCVpp5hAYZKuBkFxA",1,TRUE,FALSE,NA,5,0.4,2412.5,FALSE,FALSE,FALSE,966,NA,1,5,NA
"127886","yU3OrrCmDDEqidyIrrcDbw",1,FALSE,FALSE,NA,3,1,967,FALSE,FALSE,FALSE,969,NA,1,5,NA
"128023","UxnNnTH4kjWALFUcqZYVag",1,FALSE,FALSE,764,3,0.666666666666667,1461,FALSE,FALSE,FALSE,975,NA,1,5,NA
"128221","6lKbAu2DOOdQbG5RQl-9cA",1,FALSE,FALSE,1055,17,1.70588235294118,578.586206896552,FALSE,FALSE,FALSE,1015,NA,1,5,NA
"128998","sQfM2b9GmNzfJs6tiAPbzA",1,FALSE,FALSE,NA,5,0.6,1708.33333333333,FALSE,FALSE,FALSE,1027,NA,1,5,NA
"129039","YLArm53Yrmm9-Mt2Uq7qQA",1,FALSE,FALSE,1068,3,0.666666666666667,1540.5,FALSE,FALSE,FALSE,1028,NA,1,5,NA
"129261","h_C_FsUnjIf80vs2FJyuEg",1,FALSE,FALSE,NA,3,1,1038,FALSE,FALSE,FALSE,1040,NA,1,5,NA
"129318","J-POWkjURywoA6VsFRW40A",1,TRUE,FALSE,NA,4,1.5,694,FALSE,FALSE,FALSE,1046,NA,1,5,NA
"129601","FTsJZDemz66Aua4RVhjzZg",1,FALSE,FALSE,NA,3,1.33333333333333,792.75,FALSE,FALSE,FALSE,1060,NA,1,3,NA
"129985","UgpuzhYqPCfyM1b4jLtdZg",1,FALSE,FALSE,NA,3,0.666666666666667,1618.5,FALSE,FALSE,FALSE,1080,NA,1,5,NA
"130027","zLTacjiwYO-_ivAWkpjcIQ",1,FALSE,FALSE,NA,3,0.666666666666667,1623,FALSE,FALSE,FALSE,1083,NA,1,5,NA
"130219","1m8A8e2hd6mKvdL8yOQ4eA",1,TRUE,FALSE,NA,3,0.333333333333333,3279,FALSE,FALSE,FALSE,1093,NA,1,5,NA
"130229","AVg8Wg1MPk9CfYCbth9JDw",1,TRUE,FALSE,NA,4,0.75,1458.66666666667,FALSE,FALSE,FALSE,1096,NA,1,5,NA
"131139","mK1XaoqsE98UUXfucBgqDA",0,FALSE,FALSE,1201,3,1.33333333333333,864,FALSE,FALSE,FALSE,1155,NA,1,5,NA
"131906","g1qx3ynuvCi6oddLIfEkIA",1,FALSE,FALSE,NA,4,0.5,2400,FALSE,FALSE,FALSE,1201,NA,1,5,NA
"132244","wnInrkth3_KXLxI9SniU2g",1,FALSE,FALSE,NA,5,0.8,1523.75,FALSE,FALSE,FALSE,1222,NA,1,5,NA
"132520","pYq3_GetBLzBZ6OQPcplRA",0,FALSE,FALSE,1281,28,1.82142857142857,678.588235294118,FALSE,TRUE,FALSE,1286,NA,1,3,NA
"132560","-5x1wc0KdABF2kfnqw-ZxA",0,FALSE,FALSE,NA,4,0.75,1652,FALSE,FALSE,FALSE,1241,NA,1,5,NA
"133013","QCbptr697vAb630rIq9gUQ",0,TRUE,FALSE,1311,7,1.14285714285714,1106,FALSE,FALSE,FALSE,1271,NA,1,5,NA
"133080","BY7KbGp2dPDiw-9TjF0Zyw",0,TRUE,FALSE,1303,68,1.14705882352941,1104.5641025641,FALSE,FALSE,FALSE,1344,NA,1,5,NA
"133800","0qTo0ktehcCKsYc5l1NKpg",0,FALSE,FALSE,1365,7,1.85714285714286,708.076923076923,FALSE,FALSE,FALSE,1327,NA,1,3,NA
"133858","YB7WIh2S_-nQFAK58a0MlA",0,TRUE,FALSE,1334,5,0.8,1647.5,FALSE,FALSE,FALSE,1321,NA,1,5,NA
"133911","MW8wUXg0SJ_Pmn25UkFKYQ",0,TRUE,FALSE,NA,3,1.66666666666667,792.6,FALSE,FALSE,FALSE,1325,NA,1,5,NA
"134216","PQVQv1FSS1f97N9bjySWHw",1,FALSE,FALSE,NA,4,0.5,2686,FALSE,FALSE,FALSE,1344,NA,1,5,NA
"134256","aDU5DNunMyNwrcaE0CgBFw",0,TRUE,FALSE,NA,3,0.333333333333333,4038,FALSE,FALSE,FALSE,1346,NA,1,3,NA
"135222","d5MXSInbPrPGK1lZxA3orQ",1,TRUE,FALSE,NA,3,0.333333333333333,4242,FALSE,FALSE,FALSE,1414,NA,1,5,NA
"135316","2PuRce4ZOadg1olvaA0RoA",1,FALSE,FALSE,1564,3,1,1423,FALSE,FALSE,FALSE,1425,NA,1,5,NA
"136454","qnGFLLHz83PvRmjXCXMUoA",1,TRUE,FALSE,101,3,0.666666666666667,2284.5,FALSE,FALSE,FALSE,1524,NA,1,5,NA
"136741","-LMgWaQQstlP5E0_iyF4jg",1,FALSE,FALSE,1592,4,1,1549,FALSE,FALSE,FALSE,1552,NA,1,5,NA
"136771","CJDoIc6fOPwO8J7pCTlDaA",1,TRUE,FALSE,1587,7,0.714285714285714,2171.4,FALSE,FALSE,FALSE,1555,NA,1,5,NA
"137315","joPHTBXdaROnIZ02yK3bXw",0,TRUE,FALSE,1195,4,0.5,3208,FALSE,FALSE,FALSE,1605,NA,1,5,NA
"137531","xOfBlypkOXGWmZJO5OjjHA",1,FALSE,FALSE,NA,6,1.33333333333333,1218.75,FALSE,FALSE,FALSE,1632,NA,1,4,NA
"137687","VReGPeJQMcCQWWvo0x-lnA",1,TRUE,FALSE,1592,3,0.333333333333333,4923,FALSE,FALSE,FALSE,1641,NA,1,5,NA
"137711","GYq633zeb-H6FyI3f1PWnw",1,TRUE,FALSE,1707,13,1.84615384615385,890.5,FALSE,FALSE,FALSE,1667,NA,1,4,NA
"138575","VvRtm2POP4_PhSnh5c9TSw",1,FALSE,FALSE,NA,3,0.333333333333333,5223,FALSE,FALSE,FALSE,1741,NA,1,2,NA
"138733","yY_AmOiFF09Ph7EkKC9RzA",1,FALSE,FALSE,NA,5,0.6,2933.33333333333,FALSE,FALSE,TRUE,1762,NA,1,1,NA
"138825","0YSLiXH1zKqkxM1lKJOPlA",1,FALSE,FALSE,NA,3,1.33333333333333,1332,FALSE,FALSE,FALSE,1779,NA,1,5,NA
"139098","jWHFzvVVT_wvOe0AgPW1CA",1,FALSE,FALSE,1853,3,0.666666666666667,2718,FALSE,FALSE,FALSE,1813,NA,1,5,NA
"139272","rpMe9DjwGvjFcjkiTK22yw",0,TRUE,FALSE,NA,4,1.75,1048,FALSE,FALSE,FALSE,1840,NA,1,5,NA
"139413","OkHq2ttu0ynvU-hSdlGl1Q",0,TRUE,TRUE,1368,3,1.33333333333333,1388.25,FALSE,FALSE,FALSE,1854,NA,1,5,NA
"139680","D741IKKf2Gy856YktsAE2Q",1,FALSE,FALSE,1484,3,0.333333333333333,5673,FALSE,FALSE,FALSE,1891,NA,1,5,NA
"139796","b2V-D8oR9x4ziAZ2ydIYqw",1,FALSE,FALSE,NA,3,0.333333333333333,5721,FALSE,FALSE,FALSE,1907,NA,1,5,NA
"140282","0AZxOngoHwqesiY6RSf5tQ",1,TRUE,FALSE,2033,11,1.81818181818182,1087.35,FALSE,FALSE,FALSE,1996,NA,1,5,NA
"140309","NSo6_fuGxH-t0WVM8zskBw",1,FALSE,FALSE,NA,5,0.8,2476.25,FALSE,FALSE,FALSE,1984,NA,1,5,NA
"140729","dHEWn0xIwRlqisLgrfw8vQ",0,TRUE,FALSE,1777,3,1,2046,FALSE,FALSE,FALSE,2048,NA,1,2,NA
"141035","c9hxkYInFnbtEsMob9baUg",0,FALSE,FALSE,NA,3,0.666666666666667,3148.5,FALSE,FALSE,FALSE,2100,NA,1,4,NA
"142150","vEdJxRI7-PHGJ9GochHe5A",1,TRUE,FALSE,1215,3,1.33333333333333,1761,FALSE,FALSE,FALSE,2351,NA,1,5,NA
"142161","_8FG9X4aEPK8hd_OK3ezgw",1,FALSE,FALSE,NA,4,1.5,1566.66666666667,FALSE,FALSE,FALSE,2355,NA,1,3,NA
"142271","gfSfc4uI6Ou_QmoCRxhAgA",1,FALSE,FALSE,NA,3,1,2364,FALSE,FALSE,FALSE,2366,NA,1,3,NA
"142287","9EzTjjJra0Ic-VmFvTL1Mw",0,FALSE,FALSE,NA,4,1.75,1352,FALSE,FALSE,FALSE,2372,NA,1,3,NA
"142325","n0uQJgo-eIZOYcmRNYnRwQ",1,FALSE,FALSE,NA,3,0.666666666666667,3553.5,FALSE,FALSE,FALSE,2370,NA,1,3,NA
"142340","D-wLCrjxzDwmBk-kDMCVDw",0,TRUE,FALSE,NA,3,0.666666666666667,3555,FALSE,FALSE,FALSE,2371,NA,1,4,NA
"142347","dvObDGjqEY0jbV4WVCdKaA",1,FALSE,FALSE,NA,3,0.666666666666667,3556.5,FALSE,FALSE,FALSE,2372,NA,1,4,NA
"142506","LPWNqSuJXj_Lvbz-pqXGow",1,FALSE,FALSE,NA,4,1.5,1592,TRUE,FALSE,FALSE,2393,NA,1,4,NA
"142507","czbshNOZUC2mEgjLqf-wJw",0,FALSE,FALSE,NA,3,1,2388,FALSE,FALSE,FALSE,2390,NA,1,3,NA
"142546","vmmOOL_y1LNdNQmzY1rknw",0,FALSE,FALSE,NA,3,1.33333333333333,1795.5,FALSE,FALSE,FALSE,2397,NA,1,4,NA
"142615","AeX03vrFltbLHJ46t7AZSw",0,FALSE,FALSE,NA,5,1.6,1504.375,FALSE,FALSE,FALSE,2414,NA,1,4,NA
"142647","7jHypVzX-yTtzujWbPTfKg",1,FALSE,FALSE,NA,4,0.25,9652,FALSE,FALSE,FALSE,2413,NA,1,2,NA
"142674","ce00GkdpzJbDLmoSavSnsQ",1,FALSE,FALSE,NA,3,1.66666666666667,1452.6,FALSE,FALSE,FALSE,2425,NA,1,3,NA
"142755","gj0BUbdJj2J0zUz7plQ0tg",1,FALSE,FALSE,NA,4,1.25,1958.4,FALSE,FALSE,FALSE,2452,NA,1,2,NA
"143286","dYivxdJ4l3Z7LEKqTnG9rA",0,FALSE,FALSE,NA,3,0.666666666666667,4024.5,FALSE,FALSE,FALSE,2684,NA,1,5,NA
"143335","JkLm29XZ7CZnk2xo9FLQUw",0,TRUE,FALSE,NA,4,0.75,3605.33333333333,FALSE,FALSE,FALSE,2706,NA,1,5,NA
"143677","vK7zRmGCYkCQJnqfajrTuA",1,FALSE,FALSE,NA,3,1,2923,FALSE,FALSE,FALSE,2925,NA,1,2,NA
"143773","MTeuGEb4uwu5L1q1ibtuGg",1,TRUE,FALSE,NA,4,1.5,1987.33333333333,FALSE,FALSE,FALSE,2986,NA,1,3,NA
"143783","m8Ghn8VZZYqxtbucCl7JQA",1,TRUE,FALSE,NA,3,1.66666666666667,1790.4,FALSE,FALSE,FALSE,2988,NA,1,4,NA
"143789","j3P8wuvKGiBSngBgBHe06A",1,FALSE,FALSE,NA,3,1,2987,FALSE,FALSE,FALSE,2989,NA,1,5,NA
"143894","bxZtj089f-8h195_Yp6L-Q",1,TRUE,FALSE,NA,4,1.75,1766.28571428571,FALSE,FALSE,FALSE,3097,NA,1,5,NA
